<application>
  <component name="AppStorage">
    <option name="newTranslationDialogCollapseDictViewer" value="false" />
    <option name="newTranslationDialogHeight" value="262" />
    <option name="newTranslationDialogWidth" value="454" />
    <option name="newTranslationDialogX" value="423" />
    <option name="newTranslationDialogY" value="322" />
    <histories>
      <item value="&#9;quarter" />
      <item value="[词典] &#9;quarter" />
      <item value="[词典] " />
      <item value="quarter" />
      <item value="精选" />
      <item value="selected" />
      <item value="Featured" />
      <item value="序列数据" />
      <item value="序列" />
      <item value="find Stimulate Result Page" />
      <item value="bootstrap" />
      <item value="true" />
      <item value="search Btn Icon" />
      <item value="empty Btn Text" />
      <item value="&lt;basic-container&gt;" />
      <item value="table Loading" />
      <item value="template" />
      <item value="handle Detail" />
      <item value="menu" />
      <item value="scope" />
      <item value="search Form" />
      <item value="tab Index" />
      <item value="page" />
      <item value="激励结果分析" />
      <item value="激励结果" />
      <item value="数字评价结果统计" />
      <item value="数字评价" />
      <item value="数字" />
      <item value="工作业绩分析" />
      <item value="工作业绩" />
      <item value="学习能力" />
      <item value="有道" />
      <item value="能力指标" />
      <item value="百度翻译&#10;" />
      <item value="params" />
      <item value="学习能力分析" />
      <item value="情况" />
      <item value="down Blob File By Post Way" />
      <item value="find Job Promotion Page" />
      <item value="remove First Position" />
      <item value="投入产出比" />
      <item value="投入" />
      <item value="外训认证通过人数柱状图" />
      <item value="pass User Bar Data" />
      <item value="leading" />
      <item value="数字评价与激励分析" />
      <item value="能力变化" />
      <item value="面试分析" />
      <item value=" analysis" />
      <item value="Defense analysis" />
    </histories>
    <option name="languageScores">
      <map>
        <entry key="CHINESE" value="1258" />
        <entry key="ENGLISH" value="1256" />
        <entry key="LATIN" value="1" />
        <entry key="PORTUGUESE" value="1" />
        <entry key="SPANISH" value="1" />
        <entry key="GREEK" value="1" />
      </map>
    </option>
  </component>
  <component name="Cache">
    <option name="lastTrimTime" value="1669685373237" />
  </component>
  <component name="Settings">
    <option name="baiduTranslateSettings">
      <app-key>
        <option name="appId" value="20210415000781780" />
      </app-key>
    </option>
    <option name="translateDocumentation" value="true" />
    <option name="youdaoTranslateSettings">
      <youdao-translate>
        <option name="appId" value="5bc908f3cbef20b6" />
      </youdao-translate>
    </option>
  </component>
  <component name="Translation.Cache">
    <option name="lastTrimTime" value="1704780377622" />
  </component>
  <component name="Translation.GoogleSettings">
    <option name="SERVER_URL" value="https://translate.google.com" />
  </component>
  <component name="Translation.Settings">
    <option name="aliTranslateSettings">
      <app-key>
        <option name="appId" value="LTAI5tMdtj2qcVwVqf38CLGb" />
      </app-key>
    </option>
    <option name="primaryLanguage" value="CHINESE" />
    <option name="translator" value="ALI" />
  </component>
  <component name="Translation.States">
    <option name="newTranslationDialogCollapseDictViewer" value="false" />
    <option name="newTranslationDialogHeight" value="265" />
    <option name="newTranslationDialogWidth" value="520" />
    <option name="newTranslationDialogX" value="754" />
    <option name="newTranslationDialogY" value="313" />
    <histories>
      <item value="study Offline Training Id" />
      <item value="radius Dot" />
      <item value="ease In Out Quad" />
      <item value="is Hex Color" />
      <item value="round Table Id" />
      <item value="question Id" />
      <item value="是否公开" />
      <item value="隐私设置" />
      <item value="调度管理" />
      <item value="调度" />
      <item value="get List" />
      <item value="singular" />
      <item value="set State" />
      <item value="class Name" />
      <item value="persistedstate" />
      <item value="recivce" />
      <item value="Creating an optimized production build" />
      <item value="print Build Error" />
      <item value="Returns a stateful value, and a function to update it." />
      <item value="set Flag" />
      <item value="Imperative" />
      <item value="mperative" />
      <item value="use Imperative Handle" />
      <item value="change" />
      <item value="change Flag" />
      <item value="新增" />
      <item value="审批记录" />
      <item value="approval Record" />
      <item value="Accepts a function that contains imperative, possibly effectful code" />
      <item value="好的" />
      <item value="单个考题" />
      <item value="单个" />
      <item value="错误" />
      <item value="c" />
      <item value="hand In Paper" />
      <item value="hand in an examination paper" />
      <item value="交卷" />
      <item value="j" />
      <item value="hand Rool In" />
      <item value="手动交卷" />
      <item value="immediate" />
      <item value="boutique Flag" />
      <item value="boutiqueFlag" />
      <item value="table Data" />
      <item value="solid" />
      <item value="Source Han Sans CN-Regular" />
      <item value="practice Table" />
      <item value="no-data-cell" />
      <item value="city Company List" />
      <item value="placeholder" />
    </histories>
    <option name="languageScores">
      <map>
        <entry key="CHINESE" value="684" />
        <entry key="ENGLISH" value="684" />
        <entry key="FRENCH" value="1" />
        <entry key="INDONESIAN" value="2" />
        <entry key="JAPANESE" value="2" />
        <entry key="SWEDISH" value="1" />
      </map>
    </option>
  </component>
</application>