<keymap version="1" name="Windows 副本" parent="$default">
  <action id="$EditorTranslateAction">
    <keyboard-shortcut first-keystroke="shift ctrl y" />
    <keyboard-shortcut first-keystroke="alt q" />
  </action>
  <action id="$ShowTranslationDialogAction">
    <keyboard-shortcut first-keystroke="shift ctrl o" />
    <keyboard-shortcut first-keystroke="alt w" />
  </action>
  <action id="EditorContextInfo" />
  <action id="编辑器EditorTranslateAction">
    <keyboard-shortcut first-keystroke="alt q" />
  </action>
  <action id="编辑器ShowTranslationDialogAction">
    <keyboard-shortcut first-keystroke="alt w" />
  </action>
</keymap>